site,year,latitude,longitude,previous_crop
DEH1,2014,38.637405,-75.204048,soybean
GAH1,2014,31.506544,-83.555016,cotton
IAH1,2014,41.99653,-93.696188,soybean
IAH2,2014,42.066206,-94.727606,soybean
IAH3,2014,41.98713,-92.259751,soybean
IAH4,2014,41.198645,-91.486943,soybean
ILH1,2014,40.061135,-88.233184,soybean
INH1,2014,40.488,-87.006,soybean
MNH1,2014,44.06971707,-93.53409096,soybean
MOH1,2014,38.898702,-92.20997,soybean
MOH2,2014,38.928745,-92.352163,soybean
NCH1,2014,35.29921111,-77.57159444,wheat/double crop soybean
NEH1,2014,40.834392,-96.656687,soybean
NEH2,2014,41.052978,-100.749467,wheat
NEH3,2014,41.16353,-101.99598,wheat
NYH1,2014,42.728765,-76.651654,corn
NYH2,2014,42.73,-76.65,soybean
ONH1,2014,43.497025,-80.42696111,wheat
ONH2,2014,42.45419722,-81.88311111,soybean
TXH1,2014,30.54684444,-96.43394444,wheat
TXH2,2014,34.18466667,-101.9494444,NA
WIH1,2014,43.05706111,-89.53098611,soybean
DEH1,2015,38.629977,-75.465973,Lima beans followed by rye cover crop
GAH1,2015,31.506502,-83.554962,corn
IAH1,2015,41.99825412,-93.69447028,soybean
IAH3,2015,41.97577808,-92.24139608,soybean
IAH4,2015,41.19981657,-91.4951794,soybean
ILH1,2015,40.060306,-88.233648,soybean
INH1,2015,40.47666,-87.00056,soybean
KSH1,2015,39.215864,-96.605189,sorghum
MNH1,2015,44.070989,-93.534855,soybean
MOH1,2015,38.89608333,-92.20833333,soybean
MOH2,2015,38.89853333,-92.20758333,soybean
NCH1,2015,35.29597778,-77.56711667,wheat/double crop soybean
NEH1,2015,41.166356,-96.417261,NA
NEH2,2015,41.050974,-100.746632,Winter wheat
NEH3,2015,41.158406,-101.988317,Winter wheat
NEH4,2015,41.167022,-96.417192,NA
NYH2,2015,42.732712,-76.653275,soybean
NYH3,2015,42.723512,-76.656229,Fallow most of 2014 winter planted in fall of 2014 then sprayed with Glystar 24 floz/a on 5/3/15  and killed spring of 2015 spray
OHH1,2015,39.85542,-83.664387,soybean
ONH1,2015,43.497347,-80.448907,wheat
ONH2,2015,42.454331,-81.880906,soybean
SDH1,2015,44.20888,-102.92972,wheat
TXH1,2015,30.546769,-96.43468,corn
WIH1,2015,43.054433,-89.52875,soybean
WIH2,2015,43.326656,-89.334397,soybean
ARH1,2016,34.729884,-90.759742,corn
ARH2,2016,35.838816,-90.665006,soybean
DEH1,2016,38.64865,-75.45159,soybean
GAH1,2016,31.50822,-83.559182,peanut
GAH2,2016,33.71736,-83.31141,soybean
IAH1,2016,41.198693,-91.486205,soybean
IAH2,2016,42.06591034,-94.7274477,soybean
IAH3,2016,41.987383,-92.2601563,soybean
IAH4,2016,41.99750188,-93.69989887,soybean
ILH1,2016,40.061188,-88.233272,soybean
INH1,2016,40.478351,-86.990135,soybean
KSH1,2016,39.14409,-96.629383,wheat
MIH1,2016,42.411797,-84.295393,soybean
MNH1,2016,44.066160000000004,-93.534178,soybean
MOH1,2016,38.89497,-92.20754,soybean
NCH1,2016,35.30049,-77.570669,wheat and Double Crop soybean
NYH2,2016,42.725428,-76.6551,Winter wheat
OHH1,2016,39.860557,-83.675203,soybean
ONH1,2016,43.499678,-80.451969,wheat
ONH2,2016,42.452749,-81.883455,soybean
TXH1,2016,30.546769,-96.43468,corn
WIH1,2016,43.056867,-89.531689,soybean
WIH2,2016,43.326953,-89.340156,soybean
ARH1,2017,34.729874,-90.759769,corn
ARH2,2017,35.674718,-90.07489,corn
COH1,2017,40.647855,-105.000257,sugar beet
DEH1,2017,38.669557,-75.433932,corn
GAH1,2017,31.508253,-83.559239,corn
GAH2,2017,33.726862,-83.297769,cotton
IAH1,2017,41.19942883,-91.49516276,soybean
IAH2,2017,42.06455508,-94.72074524,soybean
IAH3,2017,41.97575167,-92.24144143,soybean
IAH4,2017,41.99439403,-93.68863495,soybean
MIH1,2017,42.681899,-84.494063,corn
MOH1,2017,38.89238,-92.20483,soybean
NCH1,2017,35.296066,-77.567222,Small Grains and Double Crop soybean
NEH3,2017,41.162,-96.409,corn
NEH4,2017,41.162,-96.409,corn
NYH1,2017,42.7286167,-76.6524,soybean
NYH2,2017,42.732186,-76.653267,soybean
NYH3,2017,42.733064,-76.653178,wheat
OHH1,2017,39.85542,-83.664387,soybean
ONH1,2017,43.496036,-80.426126,wheat
ONH2,2017,42.452733,-81.883468,soybean
TXH1,2017,30.54535,-96.432581,NA
WIH1,2017,43.057176,-89.531052,soybean
WIH2,2017,43.324531,-89.335756,soybean
ARH1,2018,34.729169,-90.760887,corn
ARH2,2018,35.673794,-90.075296,corn
DEH1,2018,38.649088,-75.450174,corn
GAH1,2018,31.506548,-83.55493,peanut
GAH2,2018,33.714938,-83.309224,soybean
IAH1,2018,41.198704,-91.486184,NA
IAH2,2018,42.06593,-94.727418,NA
IAH3,2018,41.98745,-92.260145,NA
IAH4,2018,41.997745,-93.696248,soybean
ILH1,2018,40.063426,-88.228307,soybean
INH1,2018,40.478359,-86.990129,soybean
KSH1,2018,37.810416,-100.775703,sorghum
MIH1,2018,42.68848,-84.497841,soybean
MNH1,2018,44.06980718,-93.53380207,soybean
MOH1- rep 1,2018,38.898517,-92.209183,soybean
MOH1- rep 2,2018,38.894933,-92.209983,soybean
NCH1,2018,35.666642,-78.493005,NA
NEH2,2018,41.379819,-96.560109,soybean
NYH1,2018,42.7292,-76.65245,soybean
NYH2,2018,42.725427,-76.655072,soybean
NYH3,2018,42.725529,-76.655467,soybean
OHH1,2018,39.856653,-83.670361,soybean
SCH1,2018,34.622082,-82.73703,soybean
TXH1- Dry,2018,30.546732,-96.434713,NA
TXH1- Early,2018,30.546732,-96.434713,NA
TXH1- Late,2018,30.546732,-96.434713,NA
WIH1,2018,43.0554,-89.5311,soybean
WIH2,2018,43.4049,-89.3852,soybean
DEH1,2019,38.6698,-75.4341,soybean
GAH1,2019,31.506548,-83.55493,corn
GAH2,2019,33.721111,-83.307778,soybean
GEH1,2019,51.501631,9.937345,wheat
IAH1,2019,41.1994375,-91.49519078,soybean
IAH2,2019,42.06453313,-94.72084876,soybean
IAH3,2019,41.97579183,-92.24135954,soybean
IAH4,2019,42.03217123,-93.79508048,soybean
ILH1,2019,40.059138,-88.229125,soybean
INH1,2019,40.476661,-87.000529,soybean
MIH1,2019,42.707672,-84.471602,corn
MNH1,2019,44.066148,-93.523748,soybean
MOH1,2019,38.89504,-92.20918,soybean
NCH1,2019,35.669668,-78.510089,soybean
NEH1,2019,40.8604,-96.6159,soybean
NYH1,2019,42.7286833,-76.65245,soybean
NYH2,2019,42.7326631,-76.6520512,soybean
NYH3,2019,42.732626,-76.6530185,soybean
OHH1,2019,39.856629,-83.670359,soybean
ONH2,2019,42.452053,-81.882542,soybean
SCH1,2019,34.622112,-82.737411,soybean
TXH1,2019,30.546732,-96.434713,NA
TXH2,2019,30.546732,-96.434713,NA
TXH3,2019,30.546732,-96.434713,NA
WIH1,2019,43.057183,-89.530362,soybean
WIH2,2019,43.32034,-89.332787,soybean
DEH1,2020,38.630059,-75.466066,soybean
GAH1,2020,31.508254,-83.559249,peanut
GAH2,2020,33.723144,-83.303353,soybean
GEH1,2020,51.494772,9.923347,wheat
IAH1,2020,41.19863411,-91.48738002,soybean
INH1,2020,40.478355,-86.990133,soybean
MIH1,2020,42.708226,-84.46955,soybean
MNH1,2020,44.06857957,-93.53302313,soybean
MOH1,2020,38.89847,-92.20674,soybean
MOH1,2020,38.89505,-92.20753,soybean
NCH1,2020,35.30019852,-77.57024056,wheat/soybean
NEH1,2020,40.85194,-96.61667,soybean/pumpkin
NYH2,2020,42.731967,-76.649715,soybean
NYH3,2020,42.731936,-76.651002,soybean
NYS1,2020,42.73192,-76.651739,soybean
OHH1,2020,39.856658,-83.673847,soybean
SCH1,2020,34.621912,-82.737416,soybean
TXH1,2020,30.537182,-96.428085,NA
TXH2,2020,30.537623,-96.427673,NA
TXH3,2020,30.538091,-96.427156,NA
WIH1,2020,43.0568242,-89.528261,soybean
WIH2,2020,43.294275,-89.384175,soybean
WIH3,2020,44.115206,-89.545233,NA
COH1,2021,40.6476,-104.9957,wheat
DEH1,2021,38.635,-75.458,soybean
GAH1,2021,31.508254,-83.559249,corn
GAH2,2021,33.7147791,-83.3100044,soybean
GEH1,2021,51.470534,9.926148,2019/20 wheat
IAH1,2021,41.19959334,-91.4951509,soybean
IAH2,2021,42.06455628,-94.7211393,soybean
IAH3,2021,41.97559974,-92.2413595,soybean
IAH4,2021,41.99856485,-93.695864,soybean
INH1,2021,40.476658,-86.998063,soybean
MIH1,2021,42.707408,-84.469519,soybean
MNH1,2021,44.070958,-93.533411,soybean
NCH1,2021,36.12860022,-77.17707758,peanut
NEH1,2021,40.86124999,-96.59643669,soybean
NEH2,2021,41.0538996,-100.7493277,Winter wheat
NEH3,2021,41.0899758,-100.7800172,NA
NYH2,2021,42.732955,-76.65655,soybean
NYH3,2021,42.733032,-76.655673,soybean
NYS1,2021,42.73384,-76.65443,soybean
SCH1,2021,34.622998,-82.737131,soybean
TXH1,2021,30.53774915,-96.42757069,corn
TXH2,2021,30.53724828,-96.42813145,corn
TXH3,2021,30.53820977,-96.42708262,corn
WIH1,2021,43.05714,-89.52965,soybean
WIH2,2021,43.319604,-89.332737,soybean
WIH3,2021,44.11493,-89.5431,corn
COH1,2022,40.653144,-104.995348,Fallow
DEH1,2022,38.638,-75.459,soybean
GAH1,2022,31.50634,-83.55874,peanut
GAH2,2022,33.726652,-83.30523,soybeans with fall cereal rye cover
GEH1,2022,51.513502,9.887905,NA
IAH1,2022,41.19862525,-91.48696744,soybean
IAH2,2022,42.06620464,-94.72927302,soybean
IAH3,2022,41.98804458,-92.25977761,soybean
IAH4,2022,41.994476,-93.68862568,soybean
ILH1,2022,40.082185,-88.232195,soybean
INH1,2022,40.482132,-87.003193,corn
MIH1,2022,42.708211,-84.469542,soybean
MNH1,2022,44.069598,-93.529888,soybean
MOH2,2022,38.928631,-92.354136,soybean
NCH1,2022,36.13137,-77.1799,peanut
NEH1,2022,40.85936,-96.59836,soybean
NEH2,2022,41.049002,-100.753058,wheat
NEH3,2022,41.08885,-100.77516,sorghum
NYH2,2022,42.73285,-76.649862,soybean
NYH3,2022,42.732874,-76.650565,soybean
OHH1,2022,39.8567,-83.67373,soybean
SCH1,2022,34.622035,-82.736852,corn
TXH1,2022,30.53759722,-96.42769722,corn
TXH2,2022,30.5372,-96.42814552,corn
TXH3,2022,30.53803333,-96.42719167,corn
WIH1,2022,43.058419,-89.531286,soybean
WIH2,2022,43.29417285,-89.38669993,soybean
WIH3,2022,44.11927723,-89.55738345,NA
COH1,2023,40.6516,-104.9932,Winter Wheat
DEH1,2023,38.63,-75.466,soybean
GAH1,2023,31.50821,-83.55918,corn
GAH2,2023,33.72444,-83.3040667,cereal rye
IAH1,2023,41.20031813,-91.49516708,soybean
IAH2,2023,42.06455642,-94.72070638,soybean
IAH3,2023,41.97586506,-92.24135405,soybean
IAH4,2023,41.99857224,-93.69585322,soybean
ILH1,2023,40.087369,-88.226963,soybean
INH1,2023,40.4766448,-86.9987006,soybean
MIH1,2023,42.707457,-84.469508,soybean
MNH1,2023,44.06856754,-93.53273125,soybean
MOH1,2023,38.89855297,-92.20998995,soybean
MOH2,2023,38.92891073,-92.35306354,soybean
NCH1,2023,35.667324,-78.492989,wheat
NEH1,2023,40.8613,-96.596201,soybean
NEH3,2023,41.056578,-100.752334,wheat
NYH2,2023,42.732946,-76.6564892,soybean
NYH3,2023,42.7330187,-76.6555248,soybean
OHH1,2023,39.855978,-83.674355,soybean
SCH1,2023,34.62238,-82.7377,Soybeans
TXH1,2023,30.5494533,-96.43237879,Sorghum
TXH2,2023,30.54967586,-96.43264476,Sorghum
TXH3,2023,30.54905331,-96.43191995,Sorghum
WIH1,2023,43.05719875,-89.529618,soybean
WIH2,2023,43.3045162,-89.38508,soybean
WIH3,2023,44.1150208,-89.544413,NA
